{"data": {"max_face": 0, "attributes": {"name": null}, "edgedata": {}, "facedata": {"0": {}}, "face": {"0": [2, 3, 0, 1]}, "dea": {}, "max_vertex": 3, "dfa": {}, "vertex": {"0": {"y": -195.71348197351537, "z": 0.0, "x": -835.70303586859336}, "1": {"y": -266.56571474578482, "z": 0.0, "x": -464.74947975470627}, "2": {"y": 177.92504940159483, "z": 0.0, "x": -400.05482691617374}, "3": {"y": 177.92504940159483, "z": 0.0, "x": -604.58973619525227}}, "dva": {"y": 0.0, "z": 0.0, "x": 0.0}}, "datatype": "compas.datastructures/Mesh", "compas": "1.6.3"}