{"data": {"max_face": 5, "attributes": {"name": null}, "edgedata": {}, "facedata": {"0": {}, "1": {}, "2": {}, "3": {}, "4": {}, "5": {}}, "face": {"0": [1, 6, 2, 0], "1": [6, 1, 5, 4], "2": [2, 6, 4, 7], "3": [0, 2, 7, 3], "4": [1, 0, 3, 5], "5": [5, 3, 7, 4]}, "dea": {}, "max_vertex": 7, "dfa": {}, "vertex": {"0": {"y": 11.006043919463963, "z": 44.285808610035005, "x": 49.813505393109835}, "1": {"y": -35.017818242546198, "z": 28.771063960451976, "x": 35.055629803760404}, "2": {"y": 23.548735538167136, "z": -10.312288677063179, "x": -2.1210862084249364}, "3": {"y": 11.006043919463963, "z": 55.46881377841833, "x": 38.056971158084274}, "4": {"y": -47.969378307853269, "z": -28.060035816362998, "x": -41.397019112673597}, "5": {"y": -35.017818242546198, "z": 39.954069128835293, "x": 23.299095568734845}, "6": {"y": -47.969378307853269, "z": -39.243040984746315, "x": -29.640484877648042}, "7": {"y": 23.548735538167136, "z": 0.87071649132014017, "x": -13.877620443450493}}, "dva": {"y": 0.0, "z": 0.0, "x": 0.0}}, "datatype": "compas.datastructures/Mesh", "compas": "1.6.3"}